asset_id,class,race,variant_index
portrait_guardian,guardian,human,0
portrait_guardian_1,guardian,dwarf,1
portrait_guardian_2,guardian,elf,2
portrait_guardian_3,guardian,orc,3
portrait_guardian_4,guardian,dragonkin,4
portrait_ranger,ranger,human,0
portrait_ranger_1,ranger,elf,1
portrait_ranger_2,ranger,goblin,2
portrait_ranger_3,ranger,satyr,3
portrait_ranger_4,ranger,lizardfolk,4
portrait_duelist,duelist,human,0
portrait_duelist_1,duelist,halfling,1
portrait_duelist_2,duelist,elf,2
portrait_duelist_3,duelist,tiefling,3
portrait_duelist_4,duelist,feline,4
portrait_battlemage,battlemage,human,0
portrait_battlemage_1,battlemage,dwarf,1
portrait_battlemage_2,battlemage,elf,2
portrait_battlemage_3,battlemage,tiefling,3
portrait_battlemage_4,battlemage,undead,4
portrait_warden,warden,elf,0
portrait_warden_1,warden,dwarf,1
portrait_warden_2,warden,orc,2
portrait_warden_3,warden,dryad,3
portrait_warden_4,warden,beastkin,4
